cook_temp,cook_time,cooker_speed,drying_temp_1,drying_time_1,drying_speed_1,flaking_rolls_gap,flaking_rolls_speed,coating_flow,conveyor_speed,drying_temp_2,drying_time_2,drying_speed_2,moisture,color,moisture_2,thickness,diameter,final_moisture,sugar,vitamins,color_final,cook_temp_time_interaction,drying_temp_time_interaction_1,drying_temp_time_interaction_2,flaking_interaction,coating_interaction
476.3128931967349,24.442311307307687,46.5452611832374,254.2839852258,10.069250156635922,423.9385578549525,2.0676257496899084,296.97909705900383,1.612869989216052,407.7496759844623,249.4156709543726,10.86635179669803,395.1458724188826,25.68758778727323,5.114698496989104,24.935770216136163,0.8983043216867308,6.503719760846036,18.420620460629028,39.12831418245637,9.398808036666718,5.248109979299649,11705.324249924917,2576.004440804189,2714.139440573462,588.0089506412373,771.2765761861161
