Target,RMSE,R2,Mean_Prediction,Std_Prediction,Direction,Best_Trial,Training_Time
throughput,3.2862502135206997,0.45008974414894365,841.8801,10.4060755,MAXIMIZE,3,12.1407470703125
first_pass_quality,0.5924910982444439,0.9659120281604154,91.863205,1.8326799,MAXIMIZE,4,20.729173183441162
scrap,2.5838468232065352,0.879700504110364,93.446625,14.027489,MINIMIZE,1,36.0166540145874
